Risk ID,Risk Category,Risk Description,Likelihood (1-5),Impact (1-5),Risk Level (LÃ—I),Risk Level Description,Mitigation Strategy,Responsible Owner,Status,Target Date,Notes,Evidence Link,Control(s)
R001,Ethical,"Bias in client filtering and order processing - LLM agent may favor certain client demographics based on training data patterns",3,4,12,Medium,"Implement bias detection algorithms, regular bias audits, diverse training data validation",Jennifer Park (Technical Lead),Implemented,2025-01-19,Bias detection OPERATIONAL with thresholds, alerts, and prompt modification in agent_core.py,agent/agent_core.py,A.4.2/A.2.3
R002,Technical,"LLM hallucination - Agent generates false information about clients, orders, or business data from JSON files",4,4,16,High,"Implement fact-checking against JSON data sources, confidence scoring, human review for critical decisions",Jennifer Park (AI System Developer),Implemented,2025-01-19,Fact-checking OPERATIONAL with confidence thresholds, alerts, and response modification in agent_core.py,agent/agent_core.py,A.4.5/A.4.7
R003,Security,"Prompt injection attacks - Malicious users manipulate LLM prompts to access unauthorized client/employee data in JSON files",2,5,10,Medium,"Implement input validation in Streamlit interface, access controls, security monitoring for suspicious activities",David Thompson (Security Officer),Implemented,2025-01-19,Prompt sanitization OPERATIONAL with 15+ pattern detection and logging in agent_core.py,agent/agent_core.py,A.4.10/A.3.4
R004,Technical,"MCP protocol failures - Model Context Protocol implementation issues preventing tool discovery and execution",3,4,12,Medium,"Comprehensive testing of MCP implementation, schema validation, fallback mechanisms for tool execution",Jennifer Park (AI System Developer),Implemented,2024-12-28,MCP testing framework implemented with test_agent_mode.py and robust fallbacks,agent/tools_mcp_client.py;test_agent_mode.py,A.4.1/A.4.7
R005,Operational,"LLM API dependency failures - OpenAI GPT or Anthropic Claude API outages affecting agent functionality",4,3,12,Medium,"Implement robust simulated mode fallback, API monitoring, multiple provider support, graceful degradation",Michael Rodriguez (AI System Operator),Implemented,2024-12-01,Currently using simulated mode as fallback,agent/agent_core.py,A.4.7
R006,Technical,"Data quality issues - Poor quality or corrupted data in JSON files (clients.json, employees.json, orders.json)",3,4,12,Medium,"Implement data validation, quality checks, backup procedures, data monitoring",Lisa Wang (Data Manager),In Progress,2025-01-15,Ongoing data quality improvement program,docs/Clause8_Operation/AI_Data_Management_Procedure.md,A.4.1/A.4.7
R007,Security,"API key exposure - Exposure of OpenAI or Anthropic API keys in configuration or logs",2,5,10,Medium,"Implement secure key management, environment variables, access controls, security monitoring",Security Officer,Implemented,2024-11-01,Basic security controls in place,config/.env handling,A.3.4
R008,Compliance,"GDPR violations - Improper handling of EU personal data in client and employee records stored in JSON files",2,5,10,Medium,"Implement data protection controls, privacy impact assessments, data minimization",Lisa Wang (Compliance Officer),Implemented,2025-01-19,Data encryption OPERATIONAL in CRM, ERP, and HR services with real encryption/decryption of all sensitive fields,services/crm_service.py;services/erp_service.py;services/hr_service.py,A.3.5
R009,Operational,"Deployment failures - Issues with Streamlit Cloud deployment or FastAPI server operation",3,3,9,Medium,"Implement deployment monitoring, automated testing, rollback procedures",Michael Rodriguez (DevOps Engineer),In Progress,2025-01-20,Deployment automation in progress,iso_dashboard.py,A.4.6
R010,Technical,"Integration failures - Failures in integration between LLM agent and business services (CRM, ERP, HR)",3,4,12,Medium,"Implement integration testing, monitoring, error handling, fallback mechanisms",Jennifer Park (Technical Lead),Implemented,2024-12-28,Integration testing completed with comprehensive service testing and error handling,services/*;tests/test_*.py,A.4.4/A.4.5